room_id,period_id
1,1
1,2
1,3
1,4
1,5
1,6
1,7
1,8
1,9
1,10
1,11
1,12
1,13
1,14
1,15
1,16
1,17
1,18
1,19
1,20
1,21
1,22
1,23
1,24
1,25
1,26
1,27
1,28
1,29
2,
3,
4,1
4,2
4,3
4,4
4,5
4,6
4,7
4,8
4,9
4,10
4,11
4,12
4,13
4,14
4,15
4,16
4,17
4,18
4,19
4,20
4,21
4,22
4,23
4,24
4,25
4,26
4,27
4,28
4,29
5,1
5,2
5,3
5,4
5,5
5,6
5,7
5,8
5,9
5,10
5,11
5,12
5,13
5,14
5,15
5,16
5,17
5,18
5,19
5,20
5,21
5,22
5,23
5,24
5,25
5,26
5,27
5,28
5,29
6,1
6,2
6,3
6,4
6,5
6,6
6,7
6,8
6,9
6,10
6,11
6,12
6,13
6,14
6,15
6,16
6,17
6,18
6,19
6,20
6,21
6,22
6,23
6,24
6,25
6,26
6,27
6,28
6,29
7,1
7,2
7,3
7,4
7,5
7,6
7,7
7,8
7,9
7,10
7,11
7,12
7,13
7,14
7,15
7,16
7,17
7,18
7,19
7,20
7,21
7,22
7,23
7,24
7,25
7,26
7,27
7,28
7,29
8,1
8,2
8,3
8,4
8,5
8,6
8,7
8,8
8,9
8,10
8,11
8,12
8,13
8,14
8,15
8,16
8,17
8,18
8,19
8,20
8,21
8,22
8,23
8,24
8,25
8,26
8,27
8,28
8,29
9,1
9,2
9,3
9,4
9,5
9,6
9,7
9,8
9,9
9,10
9,11
9,12
9,13
9,14
9,15
9,16
9,17
9,18
9,19
9,20
9,21
9,22
9,23
9,24
9,25
9,26
9,27
9,28
9,29
10,
11,14
11,22
11,23
12,
13,1
13,2
13,3
13,4
13,5
13,6
13,7
13,8
13,9
13,10
13,11
13,12
13,13
13,14
13,15
13,16
13,17
13,18
13,19
13,20
13,21
13,22
13,23
13,24
13,25
13,26
13,27
13,28
13,29
14,14
14,22
15,1
15,2
15,3
15,4
15,8
15,11
15,12
15,13
15,14
15,16
15,17
15,22
15,23
16,4
16,7
16,11
16,12
16,16
16,17
16,21
16,22
16,23
16,24
17,1
17,2
17,3
17,4
17,5
17,6
17,7
17,8
17,9
17,10
17,11
17,12
17,13
17,14
17,15
17,16
17,17
17,18
17,19
17,20
17,21
17,22
17,23
17,24
17,25
17,26
17,27
17,28
17,29
18,1
18,2
18,3
18,4
18,5
18,6
18,7
18,8
18,9
18,10
18,11
18,12
18,13
18,14
18,15
18,16
18,17
18,18
18,19
18,20
18,21
18,22
18,23
18,24
18,25
18,26
18,27
18,28
18,29
19,5
19,8
19,9
19,11
19,12
19,13
19,14
19,15
19,16
19,17
19,18
19,19
19,20
20,10
20,15
20,18
20,22
20,23
20,25
21,1
21,2
21,3
21,4
21,5
21,6
21,7
21,8
21,9
21,10
21,11
21,12
21,13
21,14
21,15
21,16
21,17
21,18
21,19
21,20
21,21
21,22
21,23
21,24
21,25
21,26
21,27
21,28
21,29
22,5
22,6
22,7
22,8
22,9
22,10
22,15
22,16
22,17
22,18
22,19
22,20
22,23
23,2
23,4
23,6
23,7
23,8
23,9
23,10
23,14
23,22
23,23
23,24
24,2
24,9
24,10
25,23
25,24
26,1
26,2
26,3
26,4
26,5
26,6
26,7
26,8
26,9
26,10
26,11
26,12
26,13
26,14
26,15
26,16
26,17
26,18
26,19
26,20
26,21
26,22
26,23
26,24
26,25
26,26
26,27
26,28
26,29
27,1
27,2
27,3
27,4
27,5
27,6
27,7
27,8
27,9
27,10
27,11
27,12
27,13
27,14
27,15
27,16
27,17
27,18
27,19
27,20
27,21
27,22
27,23
27,24
27,25
27,26
27,27
27,28
27,29
28,
29,
30,1
30,2
30,3
30,4
30,5
30,6
30,7
30,8
30,9
30,10
30,11
30,12
30,13
30,14
30,15
30,16
30,17
30,18
30,19
30,20
30,21
30,22
30,23
30,24
30,25
30,26
30,27
30,28
30,29
31,1
31,3
31,4
31,6
31,7
31,9
31,11
31,12
31,13
31,15
31,16
31,17
31,18
31,22
31,24
31,27
32,
33,2
33,9
33,13
33,17
33,18
33,19
33,22
33,23
34,2
34,10
35,6
35,7
35,8
35,9
35,10
35,16
35,17
36,
37,19
37,20
38,8
38,18
38,19
39,2
39,3
39,9
39,12
39,13
39,14
39,17
39,18
39,19
39,20
39,23
39,24
40,19
40,20
40,22
41,
42,
43,
44,2
44,3
44,4
44,6
44,11
44,12
44,16
44,21
45,1
45,2
45,3
45,4
45,5
45,6
45,7
45,8
45,9
45,10
45,11
45,12
45,13
45,14
45,15
45,16
45,17
45,18
45,19
45,20
45,21
45,22
45,23
45,24
45,25
45,26
45,27
45,28
45,29
46,1
46,2
46,3
46,4
46,5
46,6
46,7
46,8
46,9
46,10
46,11
46,12
46,13
46,14
46,15
46,16
46,17
46,18
46,19
46,20
46,21
46,22
46,23
46,24
46,25
46,26
46,27
46,28
46,29
47,5
47,11
47,12
47,14
47,16
47,17
47,18
48,7
48,9
48,11
48,12
48,13
48,14
49,5
49,9
49,12
50,
51,1
51,2
51,3
51,4
51,5
51,6
51,7
51,8
51,9
51,10
51,11
51,12
51,13
51,14
51,15
51,16
51,17
51,18
51,19
51,20
51,21
51,22
51,23
51,24
51,25
51,26
51,27
51,28
51,29
52,1
52,2
52,3
52,4
52,5
52,6
52,7
52,8
52,9
52,10
52,11
52,12
52,13
52,14
52,15
52,16
52,17
52,18
52,19
52,20
52,21
52,22
52,23
52,24
52,25
52,26
52,27
52,28
52,29
53,1
53,2
53,3
53,4
53,5
53,6
53,7
53,8
53,9
53,10
53,11
53,12
53,13
53,14
53,15
53,16
53,17
53,18
53,19
53,20
53,21
53,22
53,23
53,24
53,25
53,26
53,27
53,28
53,29
54,1
54,2
54,3
54,4
54,5
54,6
54,7
54,8
54,9
54,10
54,11
54,12
54,13
54,14
54,15
54,16
54,17
54,18
54,19
54,20
54,21
54,22
54,23
54,24
54,25
54,26
54,27
54,28
54,29
55,1
55,2
55,3
55,4
55,5
55,6
55,7
55,8
55,9
55,10
55,11
55,12
55,13
55,14
55,15
55,16
55,17
55,18
55,19
55,20
55,21
55,22
55,23
55,24
55,25
55,26
55,27
55,28
55,29
56,1
56,2
56,3
56,4
56,5
56,6
56,7
56,8
56,9
56,10
56,11
56,12
56,13
56,14
56,15
56,16
56,17
56,18
56,19
56,20
56,21
56,22
56,23
56,24
56,25
56,26
56,27
56,28
56,29
57,1
57,2
57,3
57,4
57,5
57,6
57,7
57,8
57,9
57,10
57,11
57,12
57,13
57,14
57,15
57,16
57,17
57,18
57,19
57,20
57,21
57,22
57,23
57,24
57,25
57,26
57,27
57,28
57,29
58,1
58,2
58,3
58,4
58,5
58,6
58,7
58,8
58,9
58,10
58,11
58,12
58,13
58,14
58,15
58,16
58,17
58,18
58,19
58,20
58,21
58,22
58,23
58,24
58,25
58,26
58,27
58,28
58,29
59,
60,1
60,2
60,3
60,4
60,9
60,10
60,11
60,12
60,13
60,17
60,21
60,24
61,
62,
63,
64,
65,
66,
67,
68,
69,
70,
71,
72,2
72,10
73,1
73,3
73,4
73,6
73,10
73,23
74,1
74,2
74,3
74,4
74,5
74,6
74,7
74,8
74,9
74,10
74,11
74,12
74,13
74,14
74,15
74,16
74,17
74,18
74,19
74,20
74,21
74,22
74,23
74,24
74,25
74,26
74,27
74,28
74,29
75,1
75,2
75,3
75,4
75,5
75,6
75,7
75,8
75,9
75,10
75,11
75,12
75,13
75,14
75,15
75,16
75,17
75,18
75,19
75,20
75,21
75,22
75,23
75,24
75,25
75,26
75,27
75,28
75,29
76,1
76,2
76,3
76,4
76,5
76,6
76,7
76,8
76,9
76,10
76,11
76,12
76,13
76,14
76,15
76,16
76,17
76,18
76,19
76,20
76,21
76,22
76,23
76,24
76,25
76,26
76,27
76,28
76,29
77,1
77,2
77,3
77,4
77,5
77,6
77,7
77,8
77,9
77,10
77,11
77,12
77,13
77,14
77,15
77,16
77,17
77,18
77,19
77,20
77,21
77,22
77,23
77,24
77,25
77,26
77,27
77,28
77,29
78,1
78,2
78,3
78,4
78,5
78,6
78,7
78,8
78,9
78,10
78,11
78,12
78,13
78,14
78,15
78,16
78,17
78,18
78,19
78,20
78,21
78,22
78,23
78,24
78,25
78,26
78,27
78,28
78,29
79,
80,1
80,2
80,3
80,4
80,5
80,6
80,7
80,8
80,9
80,10
80,11
80,12
80,13
80,14
80,15
80,16
80,17
80,18
80,19
80,20
80,21
80,22
80,23
80,24
80,25
80,26
80,27
80,28
80,29
81,1
81,2
81,3
81,4
81,5
81,6
81,7
81,8
81,9
81,10
81,11
81,12
81,13
81,14
81,15
81,16
81,17
81,18
81,19
81,20
81,21
81,22
81,23
81,24
81,25
81,26
81,27
81,28
81,29
82,1
82,2
82,3
82,4
82,5
82,6
82,7
82,8
82,9
82,10
82,11
82,12
82,13
82,14
82,15
82,16
82,17
82,18
82,19
82,20
82,21
82,22
82,23
82,24
82,25
82,26
82,27
82,28
82,29
83,1
83,2
83,3
83,4
83,5
83,6
83,7
83,8
83,9
83,10
83,11
83,12
83,13
83,14
83,15
83,16
83,17
83,18
83,19
83,20
83,21
83,22
83,23
83,24
83,25
83,26
83,27
83,28
83,29
84,1
84,2
84,4
84,7
84,8
84,11
84,12
84,13
84,14
84,16
84,17
84,18
84,19
84,21
84,22
85,
86,10
86,15
86,20
87,
88,
89,
90,
91,1
91,2
91,3
91,4
91,5
91,6
91,7
91,8
91,9
91,10
91,11
91,12
91,13
91,14
91,15
91,16
91,17
91,18
91,19
91,20
91,21
91,22
91,23
91,24
91,25
91,26
91,27
91,28
91,29
92,10
92,15
93,2
93,10
93,12
93,15
93,19
94,
95,1
95,2
95,3
95,4
95,5
95,6
95,7
95,8
95,9
95,10
95,11
95,12
95,13
95,14
95,15
95,16
95,17
95,18
95,19
95,20
95,21
95,22
95,23
95,24
95,25
95,26
95,27
95,28
95,29
96,1
96,2
96,3
96,4
96,5
96,6
96,7
96,8
96,9
96,10
96,11
96,12
96,13
96,14
96,15
96,16
96,17
96,18
96,19
96,20
96,21
96,22
96,23
96,24
96,25
96,26
96,27
96,28
96,29
97,1
97,2
97,3
97,4
97,5
97,6
97,7
97,8
97,9
97,10
97,11
97,12
97,13
97,14
97,15
97,16
97,17
97,18
97,19
97,20
97,21
97,22
97,23
97,24
97,25
97,26
97,27
97,28
97,29
98,1
98,2
98,3
98,4
98,5
98,6
98,7
98,8
98,9
98,10
98,11
98,12
98,13
98,14
98,15
98,16
98,17
98,18
98,19
98,20
98,21
98,22
98,23
98,24
98,25
98,26
98,27
98,28
98,29
99,
100,
101,
102,
103,1
103,2
103,3
103,4
103,5
103,6
103,7
103,8
103,9
103,10
103,11
103,12
103,13
103,14
103,15
103,16
103,17
103,18
103,19
103,20
103,21
103,22
103,23
103,24
103,25
103,26
103,27
103,28
103,29
104,1
104,2
104,3
104,4
104,5
104,6
104,7
104,8
104,9
104,10
104,11
104,12
104,13
104,14
104,15
104,16
104,17
104,18
104,19
104,20
104,21
104,22
104,23
104,24
104,25
104,26
104,27
104,28
104,29
105,1
105,2
105,3
105,4
105,5
105,6
105,7
105,8
105,9
105,10
105,11
105,12
105,13
105,14
105,15
105,16
105,17
105,18
105,19
105,20
105,21
105,22
105,23
105,24
105,25
105,26
105,27
105,28
105,29
106,1
106,2
106,3
106,4
106,5
106,6
106,7
106,8
106,9
106,10
106,11
106,12
106,13
106,14
106,15
106,16
106,17
106,18
106,19
106,20
106,21
106,22
106,23
106,24
106,25
106,26
106,27
106,28
106,29
107,
108,1
108,2
108,3
108,4
108,5
108,6
108,7
108,8
108,9
108,10
108,11
108,12
108,13
108,14
108,15
108,16
108,17
108,18
108,19
108,20
108,21
108,22
108,23
108,24
108,25
108,26
108,27
108,28
108,29
109,
110,1
110,2
110,3
110,4
110,5
110,6
110,7
110,8
110,9
110,10
110,11
110,12
110,13
110,14
110,15
110,16
110,17
110,18
110,19
110,20
110,21
110,22
110,23
110,24
110,25
110,26
110,27
110,28
110,29
111,1
111,2
111,3
111,4
111,5
111,6
111,7
111,8
111,9
111,10
111,11
111,12
111,13
111,14
111,15
111,16
111,17
111,18
111,19
111,20
111,21
111,22
111,23
111,24
111,25
111,26
111,27
111,28
111,29
112,1
112,2
112,3
112,4
112,5
112,6
112,7
112,8
112,9
112,10
112,11
112,12
112,13
112,14
112,15
112,16
112,17
112,18
112,19
112,20
112,21
112,22
112,23
112,24
112,25
112,26
112,27
112,28
112,29
113,1
113,2
113,3
113,4
113,5
113,6
113,7
113,8
113,9
113,10
113,11
113,12
113,13
113,14
113,15
113,16
113,17
113,18
113,19
113,20
113,21
113,22
113,23
113,24
113,25
113,26
113,27
113,28
113,29
114,5
114,8
114,9
114,10
114,15
114,25
115,10
115,13
115,15
116,1
116,2
116,3
116,4
116,5
116,6
116,7
116,8
116,9
116,10
116,11
116,12
116,13
116,14
116,15
116,16
116,17
116,18
116,19
116,20
116,21
116,22
116,23
116,24
116,25
116,26
116,27
116,28
116,29
117,7
117,8
117,9
117,23
118,
119,1
119,2
119,3
119,4
119,5
119,6
119,7
119,8
119,9
119,10
119,11
119,12
119,13
119,14
119,15
119,16
119,17
119,18
119,19
119,20
119,21
119,22
119,23
119,24
119,25
119,26
119,27
119,28
119,29
120,1
120,2
120,3
120,4
120,5
120,6
120,7
120,8
120,9
120,10
120,11
120,12
120,13
120,14
120,15
120,16
120,17
120,18
120,19
120,20
120,21
120,22
120,23
120,24
120,25
120,26
120,27
120,28
120,29
121,
122,2
122,5
122,10
122,15
122,20
122,25
123,
124,2
124,3
125,7
125,8
125,9
125,12
125,13
125,14
125,17
125,18
125,19
125,22
125,23
125,24
126,
127,8
127,15
127,25
128,
129,
130,1
130,2
130,3
130,4
130,5
130,6
130,7
130,8
130,9
130,10
130,11
130,12
130,13
130,14
130,15
130,16
130,17
130,18
130,19
130,20
130,21
130,22
130,23
130,24
130,25
130,26
130,27
130,28
130,29
131,
132,2
132,3
133,1
133,3
133,11
133,12
133,14
133,19
134,1
134,2
134,3
134,4
134,5
134,6
134,7
134,8
134,9
134,10
134,11
134,12
134,13
134,14
134,15
134,16
134,17
134,18
134,19
134,20
134,21
134,22
134,23
134,24
134,25
134,26
134,27
134,28
134,29
135,1
135,2
135,3
135,4
135,5
135,6
135,7
135,8
135,9
135,10
135,11
135,12
135,13
135,14
135,15
135,16
135,17
135,18
135,19
135,20
135,21
135,22
135,23
135,24
135,25
135,26
135,27
135,28
135,29
136,11
136,12
136,13
136,14
136,16
136,17
136,18
136,19
136,20
136,21
136,22
136,23
136,24
137,
138,2
138,3
138,4
138,22
139,20
139,21
140,
141,
142,13
142,14
143,
144,1
144,2
144,3
144,4
144,5
144,6
144,7
144,8
144,9
144,10
144,11
144,12
144,13
144,14
144,15
144,16
144,17
144,18
144,19
144,20
144,21
144,22
144,23
144,24
144,25
144,26
144,27
144,28
144,29
145,4
145,24
146,1
146,2
146,3
146,4
146,5
146,6
146,7
146,8
146,9
146,10
146,11
146,12
146,13
146,14
146,15
146,16
146,17
146,18
146,19
146,20
146,21
146,22
146,23
146,24
146,25
146,26
146,27
146,28
146,29
147,1
147,2
147,3
147,4
147,5
147,6
147,7
147,8
147,9
147,10
147,11
147,12
147,13
147,14
147,15
147,16
147,17
147,18
147,19
147,20
147,21
147,22
147,23
147,24
147,25
147,26
147,27
147,28
147,29
148,1
148,2
148,3
148,4
148,5
148,6
148,7
148,8
148,9
148,10
148,11
148,12
148,13
148,14
148,15
148,16
148,17
148,18
148,19
148,20
148,21
148,22
148,23
148,24
148,25
148,26
148,27
148,28
148,29
149,1
149,2
149,3
149,4
149,5
149,6
149,7
149,8
149,9
149,10
149,11
149,12
149,13
149,14
149,15
149,16
149,17
149,18
149,19
149,20
149,21
149,22
149,23
149,24
149,25
149,26
149,27
149,28
149,29
150,2
150,4
151,
152,10
152,12
152,13
153,
154,
155,10
155,15
155,20
156,
157,1
157,2
157,4
157,12
158,
159,
160,
161,
162,
163,
164,1
164,2
164,3
164,4
164,5
164,6
164,7
164,8
164,9
164,10
164,11
164,12
164,13
164,14
164,15
164,16
164,17
164,18
164,19
164,20
164,21
164,22
164,23
164,24
164,25
164,26
164,27
164,28
164,29
165,1
165,2
165,3
165,4
165,5
165,6
165,7
165,8
165,9
165,10
165,11
165,12
165,13
165,14
165,15
165,16
165,17
165,18
165,19
165,20
165,21
165,22
165,23
165,24
165,25
165,26
165,27
165,28
165,29
166,1
166,2
166,3
166,4
166,5
166,6
166,7
166,8
166,9
166,10
166,11
166,12
166,13
166,14
166,15
166,16
166,17
166,18
166,19
166,20
166,21
166,22
166,23
166,24
166,25
166,26
166,27
166,28
166,29
167,1
167,2
167,3
167,4
167,5
167,6
167,7
167,8
167,9
167,10
167,11
167,12
167,13
167,14
167,15
167,16
167,17
167,18
167,19
167,20
167,21
167,22
167,23
167,24
167,25
167,26
167,27
167,28
167,29
168,1
168,2
168,3
168,4
168,5
168,6
168,7
168,8
168,9
168,10
168,11
168,12
168,13
168,14
168,15
168,16
168,17
168,18
168,19
168,20
168,21
168,22
168,23
168,24
168,25
168,26
168,27
168,28
168,29
169,1
169,2
169,3
169,4
169,5
169,6
169,7
169,8
169,9
169,10
169,11
169,12
169,13
169,14
169,15
169,16
169,17
169,18
169,19
169,20
169,21
169,22
169,23
169,24
169,25
169,26
169,27
169,28
169,29
170,1
170,2
170,3
170,4
170,5
170,6
170,7
170,8
170,9
170,10
170,11
170,12
170,13
170,14
170,15
170,16
170,17
170,18
170,19
170,20
170,21
170,22
170,23
170,24
170,25
170,26
170,27
170,28
170,29
171,
172,1
172,2
172,3
172,4
172,5
172,6
172,7
172,8
172,9
172,10
172,11
172,12
172,13
172,14
172,15
172,16
172,17
172,18
172,19
172,20
172,21
172,22
172,23
172,24
172,25
172,26
172,27
172,28
172,29
173,5
173,6
173,7
173,8
173,9
173,10
173,11
173,12
173,13
173,14
173,15
173,16
173,17
173,18
173,19
173,20
173,21
173,22
173,23
173,24
173,25
174,1
174,2
174,6
174,7
174,8
174,9
174,17
175,1
175,2
175,3
175,4
175,5
175,6
175,7
175,8
175,9
175,10
175,11
175,12
175,13
175,14
175,15
175,16
175,17
175,18
175,19
175,20
175,21
175,22
175,23
175,24
175,25
175,26
175,27
175,28
175,29
176,1
176,2
176,3
176,4
176,5
176,6
176,7
176,8
176,9
176,10
176,11
176,12
176,13
176,14
176,15
176,16
176,17
176,18
176,19
176,20
176,21
176,22
176,23
176,24
176,25
176,26
176,27
176,28
176,29
177,1
177,2
177,3
177,4
177,5
177,6
177,7
177,8
177,9
177,10
177,11
177,12
177,13
177,14
177,15
177,16
177,17
177,18
177,19
177,20
177,21
177,22
177,23
177,24
177,25
177,26
177,27
177,28
177,29
178,1
178,2
178,3
178,4
178,5
178,6
178,7
178,8
178,9
178,10
178,11
178,12
178,13
178,14
178,15
178,16
178,17
178,18
178,19
178,20
178,21
178,22
178,23
178,24
178,25
178,26
178,27
178,28
178,29
179,1
179,2
179,3
179,4
179,5
179,6
179,7
179,8
179,9
179,10
179,11
179,12
179,13
179,14
179,15
179,16
179,17
179,18
179,19
179,20
179,21
179,22
179,23
179,24
179,25
179,26
179,27
179,28
179,29
180,1
180,2
180,3
180,4
180,5
180,6
180,7
180,8
180,9
180,10
180,11
180,12
180,13
180,14
180,15
180,16
180,17
180,18
180,19
180,20
180,21
180,22
180,23
180,24
180,25
180,26
180,27
180,28
180,29
181,1
181,2
181,3
181,4
181,5
181,6
181,7
181,8
181,9
181,10
181,11
181,12
181,13
181,14
181,15
181,16
181,17
181,18
181,19
181,20
181,21
181,22
181,23
181,24
181,25
181,26
181,27
181,28
181,29
182,1
182,2
182,3
182,4
182,5
182,6
182,7
182,8
182,9
182,10
182,11
182,12
182,13
182,14
182,15
182,16
182,17
182,18
182,19
182,20
182,21
182,22
182,23
182,24
182,25
182,26
182,27
182,28
182,29
183,1
183,2
183,3
183,4
183,5
183,6
183,7
183,8
183,9
183,10
183,11
183,12
183,13
183,14
183,15
183,16
183,17
183,18
183,19
183,20
183,21
183,22
183,23
183,24
183,25
183,26
183,27
183,28
183,29
184,
185,1
185,2
185,3
185,4
185,5
185,6
185,7
185,8
185,9
185,10
185,11
185,12
185,13
185,14
185,15
185,16
185,17
185,18
185,19
185,20
185,21
185,22
185,23
185,24
185,25
185,26
185,27
185,28
185,29
186,1
186,2
186,3
186,4
186,5
186,6
186,7
186,8
186,9
186,10
186,11
186,12
186,13
186,14
186,15
186,16
186,17
186,18
186,19
186,20
186,21
186,22
186,23
186,24
186,25
186,26
186,27
186,28
186,29
187,
188,
189,
190,5
190,15
190,22
190,23
190,28
191,
192,1
192,2
192,3
192,4
192,5
192,6
192,7
192,8
192,9
192,10
192,11
192,12
192,13
192,14
192,15
192,16
192,17
192,18
192,19
192,20
192,21
192,22
192,23
192,24
192,25
192,26
192,27
192,28
192,29
193,1
193,2
193,3
193,4
193,5
193,6
193,7
193,8
193,9
193,10
193,11
193,12
193,13
193,14
193,15
193,16
193,17
193,18
193,19
193,20
193,21
193,22
193,23
193,24
193,25
193,26
193,27
193,28
193,29
194,1
194,2
194,3
194,4
194,5
194,6
194,7
194,8
194,9
194,10
194,11
194,12
194,13
194,14
194,15
194,16
194,17
194,18
194,19
194,20
194,21
194,22
194,23
194,24
194,25
194,26
194,27
194,28
194,29
195,5
195,15
196,11
196,12
196,13
196,14
196,15
197,
198,10
198,16
198,17
198,18
198,19
198,20
199,
200,3
200,4
200,5
200,6
200,7
200,8
200,9
200,10
200,11
200,12
200,13
200,14
200,15
200,19
201,1
201,2
201,3
201,4
201,5
201,6
201,7
201,8
201,9
201,10
201,11
201,12
201,13
201,14
201,15
201,16
201,17
201,18
201,19
201,20
201,21
201,22
201,23
201,24
201,25
202,
203,
204,13
204,14
204,16
204,17
204,18
204,19
205,8
205,10
206,
207,
208,
209,
210,
211,1
211,2
211,3
211,4
211,5
211,6
211,7
211,8
211,9
211,10
211,11
211,12
211,13
211,14
211,15
211,16
211,17
211,18
211,19
211,20
211,21
211,22
211,23
211,24
211,25
211,26
211,27
211,28
211,29
212,
213,3
213,9
214,1
214,2
214,3
214,4
214,5
214,6
214,7
214,8
214,9
214,10
214,11
214,12
214,13
214,14
214,15
214,16
214,17
214,18
214,19
214,20
214,21
214,22
214,23
214,24
214,25
214,26
214,27
214,28
214,29
215,1
215,2
215,3
215,4
215,5
215,6
215,7
215,8
215,9
215,10
215,11
215,12
215,13
215,14
215,15
215,16
215,17
215,18
215,19
215,20
215,21
215,22
215,23
215,24
215,25
215,26
215,27
215,28
215,29
216,1
216,2
216,3
216,4
216,5
216,6
216,7
216,8
216,9
216,10
216,11
216,12
216,13
216,14
216,15
216,16
216,17
216,18
216,19
216,20
216,21
216,22
216,23
216,24
216,25
216,26
216,27
216,28
216,29
217,1
217,2
217,3
217,4
217,5
217,6
217,7
217,8
217,9
217,10
217,11
217,12
217,13
217,14
217,15
217,16
217,17
217,18
217,19
217,20
217,21
217,22
217,23
217,24
217,25
217,26
217,27
217,28
217,29
218,1
218,2
218,3
218,4
218,5
218,6
218,7
218,8
218,9
218,10
218,11
218,12
218,13
218,14
218,15
218,16
218,17
218,18
218,19
218,20
218,21
218,22
218,23
218,24
218,25
218,26
218,27
218,28
218,29
219,1
219,2
219,3
219,4
219,5
219,6
219,7
219,8
219,9
219,10
219,11
219,12
219,13
219,14
219,15
219,16
219,17
219,18
219,19
219,20
219,21
219,22
219,23
219,24
219,25
219,26
219,27
219,28
219,29
220,3
220,17
220,29
221,1
221,2
221,3
221,4
221,5
221,6
221,7
221,8
221,9
221,10
221,11
221,12
221,13
221,14
221,15
221,16
221,17
221,18
221,19
221,20
221,21
221,22
221,23
221,24
221,25
221,26
221,27
221,28
221,29
222,1
222,2
222,3
222,4
222,5
222,6
222,7
222,8
222,9
222,10
222,11
222,12
222,13
222,14
222,15
222,16
222,17
222,18
222,19
222,20
222,21
222,22
222,23
222,24
222,25
222,26
222,27
222,28
222,29
223,1
223,2
223,3
223,4
223,5
223,6
223,7
223,8
223,9
223,10
223,11
223,12
223,13
223,14
223,15
223,16
223,17
223,18
223,19
223,20
223,21
223,22
223,23
223,24
223,25
223,26
223,27
223,28
223,29
224,1
224,2
224,3
224,4
224,5
224,6
224,7
224,8
224,9
224,10
224,11
224,12
224,13
224,14
224,15
224,16
224,17
224,18
224,19
224,20
224,21
224,22
224,23
224,24
224,25
224,26
224,27
224,28
224,29
225,1
225,2
225,3
225,4
225,5
225,6
225,7
225,8
225,9
225,10
225,11
225,12
225,13
225,14
225,15
225,16
225,17
225,18
225,19
225,20
225,21
225,22
225,23
225,24
225,25
225,26
225,27
225,28
225,29
226,1
226,2
226,3
226,4
226,5
226,6
226,7
226,8
226,9
226,10
226,11
226,12
226,13
226,14
226,15
226,16
226,17
226,18
226,19
226,20
226,21
226,22
226,23
226,24
226,25
226,26
226,27
226,28
226,29
227,4
227,5
227,10
227,14
228,7
228,10
228,12
228,13
228,19
228,24
229,1
229,2
229,3
229,4
229,5
229,6
229,7
229,8
229,9
229,10
229,11
229,12
229,13
229,14
229,15
229,16
229,17
229,18
229,19
229,20
229,21
229,22
229,23
229,24
229,25
229,26
229,27
229,28
229,29
230,10
230,16
230,17
230,19
231,
232,3
232,10
233,3
233,4
233,17
233,20
234,1
234,2
234,3
234,4
234,5
234,6
234,7
234,8
234,9
234,10
234,11
234,12
234,13
234,14
234,15
234,16
234,17
234,18
234,19
234,20
234,21
234,22
234,23
234,24
234,25
234,26
234,27
234,28
234,29
235,
236,1
236,2
236,3
236,4
236,5
236,6
236,7
236,8
236,9
236,10
236,11
236,12
236,13
236,14
236,15
236,16
236,17
236,18
236,19
236,20
236,21
236,22
236,23
236,24
236,25
236,26
236,27
236,28
236,29
237,1
237,2
237,3
237,4
237,5
237,6
237,7
237,8
237,9
237,10
237,11
237,12
237,13
237,14
237,15
237,16
237,17
237,18
237,19
237,20
237,21
237,22
237,23
237,24
237,25
237,26
237,27
237,28
237,29
238,
239,9
239,14
239,18
240,1
240,2
240,3
240,4
240,5
240,6
240,7
240,8
240,9
240,10
240,11
240,12
240,13
240,14
240,15
240,16
240,17
240,18
240,19
240,20
240,21
240,22
240,23
240,24
240,25
240,26
240,27
240,28
240,29
241,
242,1
242,2
242,3
242,4
242,5
242,6
242,7
242,8
242,9
242,10
242,11
242,12
242,13
242,14
242,15
242,16
242,17
242,18
242,19
242,20
242,21
242,22
242,23
242,24
242,25
242,26
242,27
242,28
242,29
243,1
243,2
243,4
243,6
243,7
243,11
243,12
243,23
244,5
244,10
244,15
244,20
245,1
245,6
245,9
245,11
245,12
245,13
245,16
245,17
245,19
245,21
245,22
245,23
246,1
246,2
246,3
246,4
246,5
246,6
246,7
246,8
246,9
246,10
246,11
246,12
246,13
246,14
246,15
246,16
246,17
246,18
246,19
246,20
246,21
246,22
246,23
246,24
246,25
246,26
246,27
246,28
246,29
247,1
247,2
247,3
247,4
247,5
247,6
247,7
247,8
247,9
247,10
247,11
247,12
247,13
247,14
247,15
247,16
247,17
247,18
247,19
247,20
247,21
247,22
247,23
247,24
247,25
247,26
247,27
247,28
247,29
248,1
248,2
248,3
248,4
248,5
248,6
248,7
248,8
248,9
248,10
248,11
248,12
248,13
248,14
248,15
248,16
248,17
248,18
248,19
248,20
248,21
248,22
248,23
248,24
248,25
248,26
248,27
248,28
248,29
249,1
249,2
249,3
249,4
249,5
249,6
249,7
249,8
249,9
249,10
249,11
249,12
249,13
249,14
249,15
249,16
249,17
249,18
249,19
249,20
249,21
249,22
249,23
249,24
249,25
249,26
249,27
249,28
249,29
250,1
250,2
250,3
250,4
250,5
250,6
250,7
250,8
250,9
250,10
250,11
250,12
250,13
250,14
250,15
250,16
250,17
250,18
250,19
250,20
250,21
250,22
250,23
250,24
250,25
250,26
250,27
250,28
250,29
251,1
251,2
251,3
251,4
251,5
251,6
251,7
251,8
251,9
251,10
251,11
251,12
251,13
251,14
251,15
251,16
251,17
251,18
251,19
251,20
251,21
251,22
251,23
251,24
251,25
251,26
251,27
251,28
251,29
252,1
252,2
252,3
252,4
252,5
252,6
252,7
252,8
252,9
252,10
252,11
252,12
252,13
252,14
252,15
252,16
252,17
252,18
252,19
252,20
252,21
252,22
252,23
252,24
252,25
252,26
252,27
252,28
252,29
253,1
253,2
253,3
253,7
253,8
253,11
253,13
253,14
253,16
253,18
253,20
253,21
253,22
253,23
254,1
254,2
254,3
254,4
254,5
254,6
254,7
254,8
254,9
254,10
254,11
254,12
254,13
254,14
254,15
254,16
254,17
254,18
254,19
254,20
254,21
254,22
254,23
254,24
254,25
254,26
254,27
254,28
254,29
255,1
255,2
255,3
255,4
255,5
255,6
255,7
255,8
255,9
255,10
255,11
255,12
255,13
255,14
255,15
255,16
255,17
255,18
255,19
255,20
255,21
255,22
255,23
255,24
255,25
255,26
255,27
255,28
255,29
256,4
256,8
257,4
257,8
257,18
257,21
257,22
257,24
258,3
258,4
258,8
258,9
258,13
258,14
258,24
259,5
259,10
259,12
259,15
259,18
259,20
259,25
260,7
260,8
260,12
260,15
260,16
260,17
261,5
261,10
261,15
261,20
261,25
262,4
262,5
263,
264,9
264,15
265,
266,2
266,4
266,5
267,11
267,12
268,
269,1
269,2
269,3
269,4
269,5
269,6
269,7
269,8
269,9
269,10
269,11
269,12
269,13
269,14
269,15
269,16
269,17
269,18
269,19
269,20
269,21
269,22
269,23
269,24
269,25
269,26
269,27
269,28
269,29
270,4
270,7
270,17
271,4
271,5
271,12
271,13
271,14
272,13
272,14
273,1
273,2
273,3
273,4
273,5
273,6
273,7
273,8
273,9
273,10
273,11
273,12
273,13
273,14
273,15
273,16
273,17
273,18
273,19
273,20
273,21
273,22
273,23
273,24
273,25
273,26
273,27
273,28
273,29
274,1
274,2
274,3
274,4
274,5
274,6
274,7
274,8
274,9
274,10
274,11
274,12
274,13
274,14
274,15
274,16
274,17
274,18
274,19
274,20
274,21
274,22
274,23
274,24
274,25
274,26
274,27
274,28
274,29
275,1
275,2
275,3
275,4
275,5
275,6
275,7
275,8
275,9
275,10
275,11
275,12
275,13
275,14
275,15
275,16
275,17
275,18
275,19
275,20
275,21
275,22
275,23
275,24
275,25
275,26
275,27
275,28
275,29
276,14
276,19
277,1
277,2
277,3
277,4
277,5
277,6
277,7
277,8
277,9
277,10
277,11
277,12
277,13
277,14
277,15
277,16
277,17
277,18
277,19
277,20
277,21
277,22
277,23
277,24
277,25
277,26
277,27
277,28
277,29
278,1
278,2
278,3
278,4
278,5
278,6
278,7
278,8
278,9
278,10
278,11
278,12
278,13
278,14
278,15
278,16
278,17
278,18
278,19
278,20
278,21
278,22
278,23
278,24
278,25
278,26
278,27
278,28
278,29
279,1
279,2
279,3
279,4
279,5
279,6
279,7
279,8
279,9
279,10
279,11
279,12
279,13
279,14
279,15
279,16
279,17
279,18
279,19
279,20
279,21
279,22
279,23
279,24
279,25
279,26
279,27
279,28
279,29
280,10
280,15
280,19
280,24
281,1
281,2
281,3
281,4
281,5
281,6
281,7
281,8
281,9
281,10
281,11
281,12
281,13
281,14
281,15
281,16
281,17
281,18
281,19
281,20
281,21
281,22
281,23
281,24
281,25
281,26
281,27
281,28
281,29
282,
283,5
283,15
284,1
284,2
284,3
284,4
284,5
284,6
284,7
284,8
284,9
284,10
284,11
284,12
284,13
284,14
284,15
284,16
284,17
284,18
284,19
284,20
284,21
284,22
284,23
284,24
284,25
284,26
284,27
284,28
284,29
285,1
285,2
285,3
285,4
285,5
285,6
285,7
285,8
285,9
285,10
285,11
285,12
285,13
285,14
285,15
285,16
285,17
285,18
285,19
285,20
285,21
285,22
285,23
285,24
285,25
285,26
285,27
285,28
285,29
286,1
286,2
286,3
286,4
286,5
286,6
286,7
286,8
286,9
286,10
286,11
286,12
286,13
286,14
286,15
286,16
286,17
286,18
286,19
286,20
286,21
286,22
286,23
286,24
286,25
286,26
286,27
286,28
286,29
287,1
287,2
287,3
287,4
287,5
287,6
287,7
287,8
287,9
287,10
287,11
287,12
287,13
287,14
287,15
287,16
287,17
287,18
287,19
287,20
287,21
287,22
287,23
287,24
287,25
287,26
287,27
287,28
287,29
288,16
288,18
289,1
289,2
289,3
289,4
289,5
289,6
289,7
289,8
289,9
289,10
289,11
289,12
289,13
289,14
289,15
289,16
289,17
289,18
289,19
289,20
289,21
289,22
289,23
289,24
289,25
289,26
289,27
289,28
289,29
290,1
290,2
290,3
290,4
290,5
290,6
290,7
290,8
290,9
290,10
290,11
290,12
290,13
290,14
290,15
290,16
290,17
290,18
290,19
290,20
290,21
290,22
290,23
290,24
290,25
290,26
290,27
290,28
290,29
291,
292,1
292,2
292,3
292,4
292,5
292,6
292,7
292,8
292,9
292,10
292,11
292,12
292,13
292,14
292,15
292,16
292,17
292,18
292,19
292,20
292,21
292,22
292,23
292,24
292,25
292,26
292,27
292,28
292,29
293,1
293,2
293,3
293,4
293,5
293,6
293,7
293,8
293,9
293,10
293,11
293,12
293,13
293,14
293,15
293,16
293,17
293,18
293,19
293,20
293,21
293,22
293,23
293,24
293,25
293,26
293,27
293,28
293,29
294,1
294,2
294,3
294,4
294,5
294,6
294,7
294,8
294,9
294,10
294,11
294,12
294,13
294,14
294,15
294,16
294,17
294,18
294,19
294,20
294,21
294,22
294,23
294,24
294,25
294,26
294,27
294,28
294,29
295,1
295,2
295,3
295,4
295,5
295,6
295,7
295,8
295,9
295,10
295,11
295,12
295,13
295,14
295,15
295,16
295,17
295,18
295,19
295,20
295,21
295,22
295,23
295,24
295,25
295,26
295,27
295,28
295,29
296,1
296,2
296,3
296,4
296,5
296,6
296,7
296,8
296,9
296,10
296,11
296,12
296,13
296,14
296,15
296,16
296,17
296,18
296,19
296,20
296,21
296,22
296,23
296,24
296,25
296,26
296,27
296,28
296,29
297,1
297,2
297,3
297,4
297,5
297,6
297,7
297,8
297,9
297,10
297,11
297,12
297,13
297,14
297,15
297,16
297,17
297,18
297,19
297,20
297,21
297,22
297,23
297,24
297,25
297,26
297,27
297,28
297,29
298,1
298,2
298,3
298,4
298,5
298,6
298,7
298,8
298,9
298,10
298,11
298,12
298,13
298,14
298,15
298,16
298,17
298,18
298,19
298,20
298,21
298,22
298,23
298,24
298,25
298,26
298,27
298,28
298,29
299,1
299,2
299,3
299,4
299,5
299,6
299,7
299,8
299,9
299,10
299,11
299,12
299,13
299,14
299,15
299,16
299,17
299,18
299,19
299,20
299,21
299,22
299,23
299,24
299,25
299,26
299,27
299,28
299,29
300,1
300,2
300,3
300,4
300,5
300,6
300,7
300,8
300,9
300,10
300,11
300,12
300,13
300,14
300,15
300,16
300,17
300,18
300,19
300,20
300,21
300,22
300,23
300,24
300,25
300,26
300,27
300,28
300,29
301,8
301,9
301,16
301,17
301,18
301,19
301,21
301,22
301,23
301,24
302,1
302,2
302,3
302,4
302,5
302,6
302,7
302,8
302,9
302,10
302,11
302,12
302,13
302,14
302,15
302,16
302,17
302,18
302,19
302,20
302,21
302,22
302,23
302,24
302,25
302,26
302,27
302,28
302,29
303,1
303,2
303,3
303,4
303,5
303,6
303,7
303,8
303,9
303,10
303,11
303,12
303,13
303,14
303,15
303,16
303,17
303,18
303,19
303,20
303,21
303,22
303,23
303,24
303,25
303,26
303,27
303,28
303,29
304,1
304,2
304,3
304,4
304,5
304,6
304,7
304,8
304,9
304,10
304,11
304,12
304,13
304,14
304,15
304,16
304,17
304,18
304,19
304,20
304,21
304,22
304,23
304,24
304,25
304,26
304,27
304,28
304,29
305,1
305,2
305,3
305,4
305,5
305,6
305,7
305,8
305,9
305,10
305,11
305,12
305,13
305,14
305,15
305,16
305,17
305,18
305,19
305,20
305,21
305,22
305,23
305,24
305,25
305,26
305,27
305,28
305,29
306,1
306,2
306,3
306,4
306,5
306,6
306,7
306,8
306,9
306,10
306,11
306,12
306,13
306,14
306,15
306,16
306,17
306,18
306,19
306,20
306,21
306,22
306,23
306,24
306,25
306,26
306,27
306,28
306,29
307,1
307,2
307,3
307,4
307,5
307,6
307,7
307,8
307,9
307,10
307,11
307,12
307,13
307,14
307,15
307,16
307,17
307,18
307,19
307,20
307,21
307,22
307,23
307,24
307,25
307,26
307,27
307,28
307,29
308,1
308,2
308,3
308,4
308,5
308,6
308,7
308,8
308,9
308,10
308,11
308,12
308,13
308,14
308,15
308,16
308,17
308,18
308,19
308,20
308,21
308,22
308,23
308,24
308,25
308,26
308,27
308,28
308,29
309,1
309,2
309,3
309,4
309,5
309,6
309,7
309,8
309,9
309,10
309,11
309,12
309,13
309,14
309,15
309,16
309,17
309,18
309,19
309,20
309,21
309,22
309,23
309,24
309,25
309,26
309,27
309,28
309,29
310,1
310,2
310,3
310,4
310,5
310,6
310,7
310,8
310,9
310,10
310,11
310,12
310,13
310,14
310,15
310,16
310,17
310,18
310,19
310,20
310,21
310,22
310,23
310,24
310,25
310,26
310,27
310,28
310,29
311,1
311,2
311,3
311,4
311,5
311,6
311,7
311,8
311,9
311,10
311,11
311,12
311,13
311,14
311,15
311,16
311,17
311,18
311,19
311,20
311,21
311,22
311,23
311,24
311,25
311,26
311,27
311,28
311,29
312,1
312,2
312,3
312,4
312,5
312,6
312,7
312,8
312,9
312,10
312,11
312,12
312,13
312,14
312,15
312,16
312,17
312,18
312,19
312,20
312,21
312,22
312,23
312,24
312,25
312,26
312,27
312,28
312,29
313,1
313,2
313,3
313,4
313,5
313,6
313,7
313,8
313,9
313,10
313,11
313,12
313,13
313,14
313,15
313,16
313,17
313,18
313,19
313,20
313,21
313,22
313,23
313,24
313,25
313,26
313,27
313,28
313,29
314,1
314,2
314,3
314,4
314,5
314,6
314,7
314,8
314,9
314,10
314,11
314,12
314,13
314,14
314,15
314,16
314,17
314,18
314,19
314,20
314,21
314,22
314,23
314,24
314,25
314,26
314,27
314,28
314,29
315,
316,1
316,2
316,3
316,4
316,5
316,6
316,7
316,8
316,9
316,10
316,11
316,12
316,13
316,14
316,15
316,16
316,17
316,18
316,19
316,20
316,21
316,22
316,23
316,24
316,25
316,26
316,27
316,28
316,29
317,1
317,2
317,3
317,4
317,5
317,6
317,7
317,8
317,9
317,10
317,11
317,12
317,13
317,14
317,15
317,16
317,17
317,18
317,19
317,20
317,21
317,22
317,23
317,24
317,25
317,26
317,27
317,28
317,29
318,1
318,2
318,3
318,4
318,5
318,6
318,7
318,8
318,9
318,10
318,11
318,12
318,13
318,14
318,15
318,16
318,17
318,18
318,19
318,20
318,21
318,22
318,23
318,24
318,25
318,26
318,27
318,28
318,29
319,1
319,2
319,3
319,4
319,5
319,6
319,7
319,8
319,9
319,10
319,11
319,12
319,13
319,14
319,15
319,16
319,17
319,18
319,19
319,20
319,21
319,22
319,23
319,24
319,25
319,26
319,27
319,28
319,29
320,1
320,2
320,3
320,4
320,5
320,6
320,7
320,8
320,9
320,10
320,11
320,12
320,13
320,14
320,15
320,16
320,17
320,18
320,19
320,20
320,21
320,22
320,23
320,24
320,25
320,26
320,27
320,28
320,29
321,1
321,2
321,3
321,4
321,5
321,6
321,7
321,8
321,9
321,10
321,11
321,12
321,13
321,14
321,15
321,16
321,17
321,18
321,19
321,20
321,21
321,22
321,23
321,24
321,25
321,26
321,27
321,28
321,29
322,1
322,2
322,3
322,4
322,5
322,6
322,7
322,8
322,9
322,10
322,11
322,12
322,13
322,14
322,15
322,16
322,17
322,18
322,19
322,20
322,21
322,22
322,23
322,24
322,25
322,26
322,27
322,28
322,29
323,1
323,2
323,3
323,4
323,5
323,6
323,7
323,8
323,9
323,10
323,11
323,12
323,13
323,14
323,15
323,16
323,17
323,18
323,19
323,20
323,21
323,22
323,23
323,24
323,25
323,26
323,27
323,28
323,29
324,1
324,2
324,3
324,4
324,5
324,6
324,7
324,8
324,9
324,10
324,11
324,12
324,13
324,14
324,15
324,16
324,17
324,18
324,19
324,20
324,21
324,22
324,23
324,24
324,25
324,26
324,27
324,28
324,29
325,1
325,2
325,3
325,4
325,5
325,6
325,7
325,8
325,9
325,10
325,11
325,12
325,13
325,14
325,15
325,16
325,17
325,18
325,19
325,20
325,21
325,22
325,23
325,24
325,25
325,26
325,27
325,28
325,29
326,1
326,2
326,3
326,4
326,5
326,6
326,7
326,8
326,9
326,10
326,11
326,12
326,13
326,14
326,15
326,16
326,17
326,18
326,19
326,20
326,21
326,22
326,23
326,24
326,25
326,26
326,27
326,28
326,29
327,1
327,2
327,3
327,4
327,5
327,6
327,7
327,8
327,9
327,10
327,11
327,12
327,13
327,14
327,15
327,16
327,17
327,18
327,19
327,20
327,21
327,22
327,23
327,24
327,25
327,26
327,27
327,28
327,29
328,1
328,2
328,3
328,4
328,5
328,6
328,7
328,8
328,9
328,10
328,11
328,12
328,13
328,14
328,15
328,16
328,17
328,18
328,19
328,20
328,21
328,22
328,23
328,24
328,25
328,26
328,27
328,28
328,29
329,1
329,2
329,3
329,4
329,5
329,6
329,7
329,8
329,9
329,10
329,11
329,12
329,13
329,14
329,15
329,16
329,17
329,18
329,19
329,20
329,21
329,22
329,23
329,24
329,25
329,26
329,27
329,28
329,29
330,1
330,2
330,3
330,4
330,5
330,6
330,7
330,8
330,9
330,10
330,11
330,12
330,13
330,14
330,15
330,16
330,17
330,18
330,19
330,20
330,21
330,22
330,23
330,24
330,25
330,26
330,27
330,28
330,29
331,1
331,2
331,3
331,4
331,5
331,6
331,7
331,8
331,9
331,10
331,11
331,12
331,13
331,14
331,15
331,16
331,17
331,18
331,19
331,20
331,21
331,22
331,23
331,24
331,25
331,26
331,27
331,28
331,29
332,1
332,2
332,3
332,4
332,5
332,6
332,7
332,8
332,9
332,10
332,11
332,12
332,13
332,14
332,15
332,16
332,17
332,18
332,19
332,20
332,21
332,22
332,23
332,24
332,25
332,26
332,27
332,28
332,29
333,1
333,2
333,3
333,4
333,5
333,6
333,7
333,8
333,9
333,10
333,11
333,12
333,13
333,14
333,15
333,16
333,17
333,18
333,19
333,20
333,21
333,22
333,23
333,24
333,25
333,26
333,27
333,28
333,29
334,1
334,2
334,3
334,4
334,5
334,6
334,7
334,8
334,9
334,10
334,11
334,12
334,13
334,14
334,15
334,16
334,17
334,18
334,19
334,20
334,21
334,22
334,23
334,24
334,25
334,26
334,27
334,28
334,29
335,1
335,2
335,3
335,4
335,5
335,6
335,7
335,8
335,9
335,10
335,11
335,12
335,13
335,14
335,15
335,16
335,17
335,18
335,19
335,20
335,21
335,22
335,23
335,24
335,25
335,26
335,27
335,28
335,29
336,2
336,3
336,4
337,1
337,2
337,3
337,4
337,5
337,6
337,7
337,8
337,9
337,10
337,11
337,12
337,13
337,14
337,15
337,16
337,17
337,18
337,19
337,20
337,21
337,22
337,23
337,24
337,25
337,26
337,27
337,28
337,29
338,1
338,2
338,3
338,4
338,5
338,6
338,7
338,8
338,9
338,10
338,11
338,12
338,13
338,14
338,15
338,16
338,17
338,18
338,19
338,20
338,21
338,22
338,23
338,24
338,25
338,26
338,27
338,28
338,29
339,1
339,2
339,3
339,4
339,5
339,6
339,7
339,8
339,9
339,10
339,11
339,12
339,13
339,14
339,15
339,16
339,17
339,18
339,19
339,20
339,21
339,22
339,23
339,24
339,25
339,26
339,27
339,28
339,29
340,1
340,2
340,3
340,4
340,5
340,6
340,7
340,8
340,9
340,10
340,11
340,12
340,13
340,14
340,15
340,16
340,17
340,18
340,19
340,20
340,21
340,22
340,23
340,24
340,25
340,26
340,27
340,28
340,29
341,1
341,2
341,3
341,4
341,5
341,6
341,7
341,8
341,9
341,10
341,11
341,12
341,13
341,14
341,15
341,16
341,17
341,18
341,19
341,20
341,21
341,22
341,23
341,24
341,25
341,26
341,27
341,28
341,29
342,1
342,2
342,3
342,4
342,5
342,6
342,7
342,8
342,9
342,10
342,11
342,12
342,13
342,14
342,15
342,16
342,17
342,18
342,19
342,20
342,21
342,22
342,23
342,24
342,25
342,26
342,27
342,28
342,29
343,1
343,2
343,3
343,4
343,5
343,6
343,7
343,8
343,9
343,10
343,11
343,12
343,13
343,14
343,15
343,16
343,17
343,18
343,19
343,20
343,21
343,22
343,23
343,24
343,25
343,26
343,27
343,28
343,29
344,1
344,2
344,3
344,4
344,5
344,6
344,7
344,8
344,9
344,10
344,11
344,12
344,13
344,14
344,15
344,16
344,17
344,18
344,19
344,20
344,21
344,22
344,23
344,24
344,25
344,26
344,27
344,28
344,29
345,1
345,2
345,3
345,4
345,5
345,6
345,7
345,8
345,9
345,10
345,11
345,12
345,13
345,14
345,15
345,16
345,17
345,18
345,19
345,20
345,21
345,22
345,23
345,24
345,25
345,26
345,27
345,28
345,29
346,1
346,2
346,3
346,4
346,5
346,6
346,7
346,8
346,9
346,10
346,11
346,12
346,13
346,14
346,15
346,16
346,17
346,18
346,19
346,20
346,21
346,22
346,23
346,24
346,25
346,26
346,27
346,28
346,29
347,1
347,2
347,3
347,4
347,5
347,6
347,7
347,8
347,9
347,10
347,11
347,12
347,13
347,14
347,15
347,16
347,17
347,18
347,19
347,20
347,21
347,22
347,23
347,24
347,25
347,26
347,27
347,28
347,29
348,5
348,9
348,20
349,1
349,2
349,3
349,4
349,5
349,6
349,7
349,8
349,9
349,10
349,11
349,12
349,13
349,14
349,15
349,16
349,17
349,18
349,19
349,20
349,21
349,22
349,23
349,24
349,25
349,26
349,27
349,28
349,29
350,1
350,2
350,3
350,4
350,5
350,6
350,7
350,8
350,9
350,10
350,11
350,12
350,13
350,14
350,15
350,16
350,17
350,18
350,19
350,20
350,21
350,22
350,23
350,24
350,25
350,26
350,27
350,28
350,29
351,1
351,2
351,3
351,4
351,5
351,6
351,7
351,8
351,9
351,10
351,11
351,12
351,13
351,14
351,15
351,16
351,17
351,18
351,19
351,20
351,21
351,22
351,23
351,24
351,25
351,26
351,27
351,28
351,29
352,21
352,22
353,
354,
355,
356,1
356,2
356,3
356,4
356,5
356,6
356,7
356,8
356,9
356,10
356,11
356,12
356,13
356,14
356,15
356,16
356,17
356,18
356,19
356,20
356,21
356,22
356,23
356,24
356,25
356,26
356,27
356,28
356,29
357,
358,8
358,9
358,13
358,14
359,13
359,14
359,19
360,
361,1
361,2
361,3
361,4
361,5
361,6
361,7
361,8
361,9
361,10
361,11
361,12
361,13
361,14
361,15
361,16
361,17
361,18
361,19
361,20
361,21
361,22
361,23
361,24
361,25
361,26
361,27
361,28
361,29
362,
363,
364,
365,
366,1
366,2
366,3
366,4
366,5
366,6
366,7
366,8
366,9
366,10
366,11
366,12
366,13
366,14
366,15
366,16
366,17
366,18
366,19
366,20
366,21
366,22
366,23
366,24
366,25
366,26
366,27
366,28
366,29
367,1
367,2
367,3
367,4
367,5
367,6
367,7
367,8
367,9
367,10
367,11
367,12
367,13
367,14
367,15
367,16
367,17
367,18
367,19
367,20
367,21
367,22
367,23
367,24
367,25
367,26
367,27
367,28
367,29
368,1
368,2
368,3
368,4
368,5
368,6
368,7
368,8
368,9
368,10
368,11
368,12
368,13
368,14
368,15
368,16
368,17
368,18
368,19
368,20
368,21
368,22
368,23
368,24
368,25
368,26
368,27
368,28
368,29
369,1
369,2
369,3
369,4
369,5
369,6
369,7
369,8
369,9
369,10
369,11
369,12
369,13
369,14
369,15
369,16
369,17
369,18
369,19
369,20
369,21
369,22
369,23
369,24
369,25
369,26
369,27
369,28
369,29
370,1
370,2
370,3
370,4
370,5
370,6
370,7
370,8
370,9
370,10
370,11
370,12
370,13
370,14
370,15
370,16
370,17
370,18
370,19
370,20
370,21
370,22
370,23
370,24
370,25
370,26
370,27
370,28
370,29
371,5
371,9
372,1
372,2
372,3
372,4
372,5
372,6
372,7
372,8
372,9
372,10
372,11
372,12
372,13
372,14
372,15
372,16
372,17
372,18
372,19
372,20
372,21
372,22
372,23
372,24
372,25
372,26
372,27
372,28
372,29
373,
374,
375,
376,11
376,12
376,13
376,14
376,15
376,16
376,18
377,1
377,2
377,3
377,4
377,5
377,6
377,7
377,8
377,9
377,10
377,11
377,12
377,13
377,14
377,17
377,18
377,19
377,21
377,22
377,23
377,24
377,25
378,20
378,25
379,1
379,2
379,3
379,4
379,8
379,12
379,14
380,7
380,9
380,10
380,14
380,15
380,19
380,20
380,24
380,25
381,1
381,2
381,3
381,4
381,5
381,6
381,7
381,8
381,9
381,11
381,12
381,13
381,14
381,16
381,17
381,18
381,19
381,21
381,22
381,23
381,24
382,1
382,2
382,3
382,4
382,5
382,6
382,7
382,8
382,9
382,11
382,12
382,13
382,14
382,16
382,17
382,18
382,19
382,21
382,22
382,23
382,24
383,5
383,8
383,9
383,12
383,13
383,14
384,5
384,8
384,16
384,17
384,20
385,1
385,2
385,3
385,4
385,5
385,6
385,7
385,8
385,9
385,11
385,12
385,13
385,14
385,16
385,17
385,18
385,19
385,21
385,22
385,23
385,24
386,1
386,2
386,3
386,4
386,5
386,6
386,7
386,8
386,9
386,11
386,12
386,13
386,14
386,16
386,17
386,18
386,19
386,21
386,22
386,23
386,24
387,1
387,2
387,3
387,4
387,5
387,6
387,7
387,8
387,9
387,10
387,11
387,12
387,13
387,14
387,15
387,16
387,17
387,18
387,19
387,20
387,21
387,22
387,23
387,24
387,25
387,26
387,27
387,28
387,29
388,1
388,2
388,3
388,4
388,5
388,6
388,7
388,8
388,9
388,10
388,11
388,12
388,13
388,14
388,15
388,16
388,17
388,18
388,19
388,20
388,21
388,22
388,23
388,24
388,25
388,26
388,27
388,28
388,29
389,1
389,2
389,3
389,4
389,5
389,6
389,7
389,8
389,9
389,10
389,11
389,12
389,13
389,14
389,15
389,16
389,17
389,18
389,19
389,20
389,21
389,22
389,23
389,24
389,25
389,26
389,27
389,28
389,29
390,
391,
392,3
392,5
392,17
393,4
393,5
393,14
393,17
394,2
394,4
394,17
395,9
395,17
396,
397,
398,
399,
400,8
400,9
400,17
401,8
401,9
401,17
402,13
402,14
402,17
403,1
403,2
403,3
403,4
403,5
403,6
403,7
403,8
403,9
403,10
403,11
403,12
403,13
403,14
403,15
403,16
403,17
403,18
403,19
403,20
403,21
403,22
403,23
403,24
403,25
403,26
403,27
403,28
403,29
404,1
404,2
404,3
404,4
404,5
404,6
404,7
404,8
404,9
404,10
404,11
404,12
404,13
404,14
404,15
404,16
404,17
404,18
404,19
404,20
404,21
404,22
404,23
404,24
404,25
404,26
404,27
404,28
404,29
405,1
405,2
405,3
405,4
405,5
405,6
405,7
405,8
405,9
405,10
405,11
405,12
405,13
405,14
405,15
405,16
405,17
405,18
405,19
405,20
405,21
405,22
405,23
405,24
405,25
405,26
405,27
405,28
405,29
406,1
406,2
406,3
406,4
406,5
406,6
406,7
406,8
406,9
406,10
406,11
406,12
406,13
406,14
406,15
406,16
406,17
406,18
406,19
406,20
406,21
406,22
406,23
406,24
406,25
406,26
406,27
406,28
406,29
407,1
407,2
407,3
407,4
407,5
407,6
407,7
407,8
407,9
407,10
407,11
407,12
407,13
407,14
407,15
407,16
407,17
407,18
407,19
407,20
407,21
407,22
407,23
407,24
407,25
407,26
407,27
407,28
407,29
408,1
408,2
408,3
408,4
408,5
408,6
408,7
408,8
408,9
408,10
408,11
408,12
408,13
408,14
408,15
408,16
408,17
408,18
408,19
408,20
408,21
408,22
408,23
408,24
408,25
408,26
408,27
408,28
408,29
409,1
409,2
409,3
409,4
409,5
409,6
409,7
409,8
409,9
409,10
409,11
409,12
409,13
409,14
409,15
409,16
409,17
409,18
409,19
409,20
409,21
409,22
409,23
409,24
409,25
409,26
409,27
409,28
409,29
410,1
410,2
410,3
410,4
410,5
410,6
410,7
410,8
410,9
410,10
410,11
410,12
410,13
410,14
410,15
410,16
410,17
410,18
410,19
410,20
410,21
410,22
410,23
410,24
410,25
410,26
410,27
410,28
410,29
411,1
411,2
411,3
411,4
411,5
411,6
411,7
411,8
411,9
411,10
411,11
411,12
411,13
411,14
411,15
411,16
411,17
411,18
411,19
411,20
411,21
411,22
411,23
411,24
411,25
411,26
411,27
411,28
411,29
412,1
412,2
412,3
412,4
412,5
412,6
412,7
412,8
412,9
412,10
412,11
412,12
412,13
412,14
412,15
412,16
412,17
412,18
412,19
412,20
412,21
412,22
412,23
412,24
412,25
412,26
412,27
412,28
412,29
413,
414,2
414,4
414,11
414,12
415,1
415,2
415,3
415,4
415,5
415,6
415,7
415,8
415,9
415,10
415,11
415,12
415,13
415,14
415,15
415,16
415,17
415,18
415,19
415,20
415,21
415,22
415,23
415,24
415,25
415,26
415,27
415,28
415,29
416,10
416,21
416,22
417,8
417,10
417,12
417,22
418,12
418,13
418,21
418,22
419,1
419,2
419,3
419,4
419,5
419,6
419,7
419,8
419,9
419,10
419,11
419,12
419,13
419,14
419,15
419,16
419,17
419,18
419,19
419,20
419,21
419,22
419,23
419,24
419,25
419,26
419,27
419,28
419,29
420,1
420,2
420,3
420,4
420,5
420,6
420,7
420,8
420,9
420,10
420,11
420,12
420,13
420,14
420,15
420,16
420,17
420,18
420,19
420,20
420,21
420,22
420,23
420,24
420,25
420,26
420,27
420,28
420,29
421,1
421,2
421,3
421,4
421,5
421,6
421,7
421,8
421,9
421,10
421,11
421,12
421,13
421,14
421,15
421,16
421,17
421,18
421,19
421,20
421,21
421,22
421,23
421,24
421,25
421,26
421,27
421,28
421,29
422,1
422,2
422,3
422,4
422,5
422,6
422,7
422,8
422,9
422,10
422,11
422,12
422,13
422,14
422,15
422,16
422,17
422,18
422,19
422,20
422,21
422,22
422,23
422,24
422,25
422,26
422,27
422,28
422,29
423,
424,1
424,2
424,3
424,4
424,5
424,6
424,7
424,8
424,9
424,10
424,11
424,12
424,13
424,14
424,15
424,16
424,17
424,18
424,19
424,20
424,21
424,22
424,23
424,24
424,25
424,26
424,27
424,28
424,29
425,1
425,2
425,3
425,4
425,5
425,6
425,7
425,8
425,9
425,10
425,11
425,12
425,13
425,14
425,15
425,16
425,17
425,18
425,19
425,20
425,21
425,22
425,23
425,24
425,25
425,26
425,27
425,28
425,29
426,1
426,2
426,3
426,4
426,5
426,6
426,7
426,8
426,9
426,10
426,11
426,12
426,13
426,14
426,15
426,16
426,17
426,18
426,19
426,20
426,21
426,22
426,23
426,24
426,25
426,26
426,27
426,28
426,29
427,1
427,2
427,3
427,4
427,5
427,6
427,7
427,8
427,9
427,10
427,11
427,12
427,13
427,14
427,15
427,16
427,17
427,18
427,19
427,20
427,21
427,22
427,23
427,24
427,25
427,26
427,27
427,28
427,29
428,
429,
430,
431,3
431,4
432,6
432,16
433,4
433,5
433,16
434,
435,
436,1
436,2
436,3
436,4
436,5
436,6
436,7
436,8
436,9
436,10
436,11
436,12
436,13
436,14
436,15
436,16
436,17
436,18
436,19
436,20
436,21
436,22
436,23
436,24
436,25
436,26
436,27
436,28
436,29
437,
438,
439,1
439,2
439,3
439,4
439,5
439,6
439,7
439,8
439,9
439,10
439,11
439,12
439,13
439,14
439,15
439,16
439,17
439,18
439,19
439,20
439,21
439,22
439,23
439,24
439,25
439,26
439,27
439,28
439,29
440,
441,
442,1
442,2
442,3
442,4
442,5
442,6
442,7
442,8
442,9
442,10
442,11
442,12
442,13
442,14
442,15
442,16
442,17
442,18
442,19
442,20
442,21
442,22
442,23
442,24
442,25
442,26
442,27
442,28
442,29
443,1
443,2
443,3
443,4
443,5
443,6
443,7
443,8
443,9
443,10
443,11
443,12
443,13
443,14
443,15
443,16
443,17
443,18
443,19
443,20
443,21
443,22
443,23
443,24
443,25
443,26
443,27
443,28
443,29
444,21
444,22
445,
446,1
446,2
446,3
446,4
446,5
446,6
446,7
446,8
446,9
446,10
446,11
446,12
446,13
446,14
446,15
446,16
446,17
446,18
446,19
446,20
446,21
446,22
446,23
446,24
446,25
446,26
446,27
446,28
446,29
447,1
447,2
447,3
447,4
447,5
447,6
447,7
447,8
447,9
447,10
447,11
447,12
447,13
447,14
447,15
447,16
447,17
447,18
447,19
447,20
447,21
447,22
447,23
447,24
447,25
447,26
447,27
447,28
447,29
448,1
448,2
448,3
448,4
448,5
448,6
448,7
448,8
448,9
448,10
448,11
448,12
448,13
448,14
448,15
448,16
448,17
448,18
448,19
448,20
448,21
448,22
448,23
448,24
448,25
448,26
448,27
448,28
448,29
449,17
449,22
450,
451,1
451,2
451,3
451,4
451,5
451,6
451,7
451,8
451,9
451,10
451,11
451,12
451,13
451,14
451,15
451,16
451,17
451,18
451,19
451,20
451,21
451,22
451,23
451,24
451,25
451,26
451,27
451,28
451,29
452,1
452,2
452,3
452,4
452,5
452,6
452,7
452,8
452,9
452,10
452,11
452,12
452,13
452,14
452,15
452,16
452,17
452,18
452,19
452,20
452,21
452,22
452,23
452,24
452,25
452,26
452,27
452,28
452,29
453,1
453,2
453,3
453,4
453,5
453,6
453,7
453,8
453,9
453,10
453,11
453,12
453,13
453,14
453,15
453,16
453,17
453,18
453,19
453,20
453,21
453,22
453,23
453,24
453,25
453,26
453,27
453,28
453,29
454,
455,
456,
457,
458,7
458,8
458,9
458,11
459,
460,
461,
462,2
462,7
462,13
463,2
463,12
464,3
464,4
464,8
464,9
464,10
465,
466,6
466,7
467,
468,
469,1
469,2
469,3
469,4
469,5
469,6
469,7
469,8
469,9
469,10
469,11
469,12
469,13
469,14
469,15
469,16
469,17
469,18
469,19
469,20
469,21
469,22
469,23
469,24
469,25
469,26
469,27
469,28
469,29
470,1
470,2
470,3
470,4
470,5
470,6
470,7
470,8
470,9
470,10
470,11
470,12
470,13
470,14
470,15
470,16
470,17
470,18
470,19
470,20
470,21
470,22
470,23
470,24
470,25
470,26
470,27
470,28
470,29
471,1
471,2
471,3
471,4
471,5
471,6
471,7
471,8
471,9
471,10
471,11
471,12
471,13
471,14
471,15
471,16
471,17
471,18
471,19
471,20
471,21
471,22
471,23
471,24
471,25
471,26
471,27
471,28
471,29
472,1
472,2
472,3
472,4
472,5
472,6
472,7
472,8
472,9
472,10
472,11
472,12
472,13
472,14
472,15
472,16
472,17
472,18
472,19
472,20
472,21
472,22
472,23
472,24
472,25
472,26
472,27
472,28
472,29
473,15
473,18
474,4
474,19
475,
476,1
476,2
476,3
476,4
476,5
476,6
476,7
476,8
476,9
476,10
476,11
476,12
476,13
476,14
476,15
476,16
476,17
476,18
476,19
476,20
476,21
476,22
476,23
476,24
476,25
476,26
476,27
476,28
476,29
477,
478,1
478,2
478,3
478,4
478,5
478,6
478,7
478,8
478,9
478,10
478,11
478,12
478,13
478,14
478,15
478,16
478,17
478,18
478,19
478,20
478,21
478,22
478,23
478,24
478,25
478,26
478,27
478,28
478,29
479,1
479,2
479,3
479,4
479,5
479,6
479,7
479,8
479,9
479,10
479,11
479,12
479,13
479,14
479,15
479,16
479,17
479,18
479,19
479,20
479,21
479,22
479,23
479,24
479,25
479,26
479,27
479,28
479,29
480,1
480,2
480,3
480,4
480,5
480,6
480,7
480,8
480,9
480,10
480,11
480,12
480,13
480,14
480,15
480,16
480,17
480,18
480,19
480,20
480,21
480,22
480,23
480,24
480,25
480,26
480,27
480,28
480,29
481,12
481,14
482,
483,2
483,3
483,4
483,9
483,10
484,9
484,10
484,12
484,13
484,20
485,
486,1
486,2
486,3
486,4
486,5
486,6
486,7
486,8
486,9
486,10
486,11
486,12
486,13
486,14
486,15
486,16
486,17
486,18
486,19
486,20
486,21
486,22
486,23
486,24
486,25
486,26
486,27
486,28
486,29
